2026-04-07_21-21-00,---,main.go:2026-04-07_21-21-00
2026-04-07_22-18-38,0,main.go:2026-04-07_22-18-38
2026-04-07_22-22-17,0,main.go:2026-04-07_22-22-17
2026-04-07_22-30-47,0,main.go:2026-04-07_22-30-47
2026-04-07_22-34-43,0,main.go:2026-04-07_22-34-43
2026-04-07_22-35-11,0,main.go:2026-04-07_22-35-11
2026-04-07_22-37-24,0,main.go:2026-04-07_22-37-24
2026-04-07_22-38-46,0,main.go:2026-04-07_22-38-46
2026-04-07_22-40-16,0,main.go:2026-04-07_22-40-16
2026-04-07_22-47-58,0,main.go:2026-04-07_22-40-16
2026-04-07_22-52-57,100,main.go:2026-04-07_22-52-57
2026-04-07_22-53-44,100,main.go:2026-04-07_22-53-44
